Time,Angle,Acceleration,Velocity,Distance,Goal,Distance To Goal
0.0,0.0,0.0,0.0,0.39605779498586335,-0.40071100056374387,-1.3062560351201011
0.05,2.992883622646332,9.26617171254517,0.4633085856272585,0.419442151095315,-0.40071100056374387,-0.8201531516590589
0.1,2.6424306631088257,9.749162315563527,0.9507667014054348,0.46698430988432305,-0.40071100056374387,-0.8676953104480669
0.15000000000000002,2.6882705092430115,9.713182305440842,1.436425816677477,0.5389074128541698,-0.40071100056374387,-0.9396184134179136
0.2,2.7807191014289856,9.615495537879488,1.9172005935714513,0.6361652499289638,-0.40071100056374387,-1.0368762504927078
0.25,2.901194989681244,9.43829001495568,2.3891150943192354,0.7522715575674958,-0.40071100056374387,-1.1529825581312396
0.3,3.033471703529358,9.179862547920893,2.84810822171528,0.8960983523582119,-0.40071100056374387,-1.2968093529219558
0.35,3.172517716884613,8.83811199115958,3.2900138212732593,1.0627522970510999,-0.40071100056374387,-1.4634632976148438
